Nombre;Apellido;Correo Electrónico;Edad;Fecha de Inscripción;Obra
Relm;Figaro;relm.figaro0@opera.com;45;2024-09-01;María y Draco
Strago;Behemoth;strago.behemoth1@opera.com;19;2024-06-02;María y Draco
Terra;Branford;terra.branford2@opera.com;80;2024-04-03;María y Draco
Celes;Cole;celes.cole3@opera.com;48;2024-09-18;María y Draco
Strago;Cole;strago.cole4@opera.com;74;2024-05-19;María y Draco
Gau;Magus;gau.magus5@opera.com;51;2024-11-18;María y Draco
Gau;Rene;gau.rene6@opera.com;63;2024-08-01;María y Draco
Terra;Behemoth;terra.behemoth7@opera.com;67;2024-10-20;María y Draco
Setzer;Figaro;setzer.figaro8@opera.com;75;2024-07-29;María y Draco
Sabin;Branford;sabin.branford9@opera.com;90;2025-01-25;María y Draco
Setzer;Branford;setzer.branford10@opera.com;35;2024-09-25;María y Draco
Gau;Cole;gau.cole11@opera.com;31;2024-06-20;María y Draco
Shadow;Gabbiani;shadow.gabbiani12@opera.com;40;2024-12-15;María y Draco
Terra;Behemoth;terra.behemoth13@opera.com;27;2024-03-26;María y Draco
Sabin;Behemoth;sabin.behemoth14@opera.com;29;2024-07-15;María y Draco
Gau;Branford;gau.branford15@opera.com;70;2024-03-14;María y Draco
Strago;Rene;strago.rene16@opera.com;52;2024-06-13;María y Draco
Terra;Chere;terra.chere17@opera.com;32;2024-05-23;María y Draco
Terra;Magus;terra.magus18@opera.com;88;2024-08-02;María y Draco
Gau;Zieg;gau.zieg19@opera.com;54;2024-08-21;María y Draco
Gau;Rene;gau.rene20@opera.com;19;2025-01-25;María y Draco
Edgar;Gabbiani;edgar.gabbiani21@opera.com;43;2024-09-30;María y Draco
Sabin;Figaro;sabin.figaro22@opera.com;57;2024-11-30;María y Draco
Edgar;Cole;edgar.cole23@opera.com;25;2025-01-23;María y Draco
Sabin;Figaro;sabin.figaro24@opera.com;69;2024-03-26;María y Draco
Relm;Figaro;relm.figaro25@opera.com;42;2024-04-06;María y Draco
Celes;Figaro;celes.figaro26@opera.com;95;2024-07-29;María y Draco
Relm;Magus;relm.magus27@opera.com;35;2024-09-11;María y Draco
Edgar;Chere;edgar.chere28@opera.com;56;2024-12-30;María y Draco
Setzer;Rene;setzer.rene29@opera.com;56;2024-11-11;María y Draco
Celes;Zieg;celes.zieg30@opera.com;21;2024-12-16;María y Draco
Sabin;Chere;sabin.chere31@opera.com;42;2024-10-01;María y Draco
Terra;Rene;terra.rene32@opera.com;67;2024-07-29;María y Draco
Sabin;Gabbiani;sabin.gabbiani33@opera.com;55;2024-09-27;María y Draco
Shadow;Cole;shadow.cole34@opera.com;71;2024-03-16;María y Draco
Sabin;Figaro;sabin.figaro35@opera.com;84;2024-06-27;María y Draco
Sabin;Zieg;sabin.zieg36@opera.com;56;2024-05-31;María y Draco
Strago;Arrowny;strago.arrowny37@opera.com;55;2024-09-17;María y Draco
Celes;Gabbiani;celes.gabbiani38@opera.com;66;2024-11-20;María y Draco
Shadow;Chere;shadow.chere39@opera.com;83;2024-11-19;María y Draco
Strago;Gabbiani;strago.gabbiani40@opera.com;83;2024-10-19;María y Draco
Edgar;Cole;edgar.cole41@opera.com;54;2024-10-30;María y Draco
Sabin;Chere;sabin.chere42@opera.com;82;2025-02-09;María y Draco
Edgar;Branford;edgar.branford43@opera.com;58;2024-09-23;María y Draco
Sabin;Branford;sabin.branford44@opera.com;37;2024-07-18;María y Draco
Sabin;Arrowny;sabin.arrowny45@opera.com;23;2024-07-14;María y Draco
Celes;Rene;celes.rene46@opera.com;78;2024-05-13;María y Draco
Setzer;Branford;setzer.branford47@opera.com;46;2025-01-24;María y Draco
Sabin;Cole;sabin.cole48@opera.com;79;2024-07-05;María y Draco
Strago;Rene;strago.rene49@opera.com;51;2025-01-20;María y Draco
Ultros;Ultros;ultros.ultros12@opera.com;96;2019-02-30;María y Draco
Sabin;Chere;sabin.chere50@opera.com;86;2024-06-25;María y Draco
Gau;Arrowny;gau.arrowny51@opera.com;65;2024-07-18;María y Draco
Edgar;Gabbiani;edgar.gabbiani52@opera.com;60;2024-11-28;María y Draco
Strago;Figaro;strago.figaro53@opera.com;65;2024-08-09;María y Draco
Locke;Arrowny;locke.arrowny54@opera.com;68;2024-06-05;María y Draco
Strago;Magus;strago.magus55@opera.com;34;2024-08-21;María y Draco
Shadow;Rene;shadow.rene56@opera.com;59;2024-07-14;María y Draco
Locke;Rene;locke.rene57@opera.com;87;2024-03-20;María y Draco
Shadow;Branford;shadow.branford58@opera.com;84;2024-08-31;María y Draco
Locke;Branford;locke.branford59@opera.com;91;2024-12-14;María y Draco
Sabin;Behemoth;sabin.behemoth60@opera.com;45;2024-11-16;María y Draco
Gau;Arrowny;gau.arrowny61@opera.com;29;2024-07-03;María y Draco
Relm;Behemoth;relm.behemoth62@opera.com;84;2025-01-17;María y Draco
Shadow;Magus;shadow.magus63@opera.com;63;2024-06-13;María y Draco
Shadow;Chere;shadow.chere64@opera.com;39;2024-12-29;María y Draco
Edgar;Cole;edgar.cole65@opera.com;45;2024-12-09;María y Draco
Terra;Arrowny;terra.arrowny66@opera.com;47;2024-03-24;María y Draco
Edgar;Chere;edgar.chere67@opera.com;53;2024-11-11;María y Draco
Sabin;Figaro;sabin.figaro68@opera.com;39;2024-06-14;María y Draco
Strago;Gabbiani;strago.gabbiani69@opera.com;71;2024-12-25;María y Draco
Terra;Behemoth;terra.behemoth70@opera.com;36;2024-09-05;María y Draco
Shadow;Cole;shadow.cole71@opera.com;45;2024-09-08;María y Draco
Locke;Arrowny;locke.arrowny72@opera.com;28;2024-11-15;María y Draco
Shadow;Chere;shadow.chere73@opera.com;82;2024-05-06;María y Draco
Sabin;Cole;sabin.cole74@opera.com;95;2024-09-27;María y Draco
Sabin;Arrowny;sabin.arrowny75@opera.com;74;2024-07-26;María y Draco
Edgar;Branford;edgar.branford76@opera.com;52;2024-05-01;María y Draco
Sabin;Magus;sabin.magus77@opera.com;69;2024-07-09;María y Draco
Sabin;Rene;sabin.rene78@opera.com;45;2024-04-02;María y Draco
Shadow;Arrowny;shadow.arrowny79@opera.com;59;2024-10-16;María y Draco
Relm;Branford;relm.branford80@opera.com;62;2024-05-25;María y Draco
Locke;Rene;locke.rene81@opera.com;75;2024-05-06;María y Draco
Gau;Figaro;gau.figaro82@opera.com;84;2024-09-03;María y Draco
Celes;Rene;celes.rene83@opera.com;93;2024-03-27;María y Draco
Strago;Branford;strago.branford84@opera.com;66;2024-11-22;María y Draco
Setzer;Rene;setzer.rene85@opera.com;39;2024-07-28;María y Draco
Celes;Rene;celes.rene86@opera.com;50;2024-04-30;María y Draco
Setzer;Behemoth;setzer.behemoth87@opera.com;88;2024-07-21;María y Draco
Setzer;Arrowny;setzer.arrowny88@opera.com;19;2024-11-05;María y Draco
Setzer;Behemoth;setzer.behemoth89@opera.com;87;2024-07-16;María y Draco
Strago;Figaro;strago.figaro90@opera.com;31;2025-01-12;María y Draco
Shadow;Rene;shadow.rene91@opera.com;51;2024-03-23;María y Draco
Strago;Zieg;strago.zieg92@opera.com;25;2024-11-15;María y Draco
Celes;Figaro;celes.figaro93@opera.com;24;2024-07-12;María y Draco
Gau;Arrowny;gau.arrowny94@opera.com;41;2024-09-29;María y Draco
Edgar;Branford;edgar.branford95@opera.com;20;2024-11-12;María y Draco
Edgar;Zieg;edgar.zieg96@opera.com;52;2024-06-17;María y Draco
Shadow;Gabbiani;shadow.gabbiani97@opera.com;76;2024-10-01;María y Draco
Relm;Figaro;relm.figaro98@opera.com;72;2024-12-26;María y Draco
Strago;Zieg;strago.zieg99@opera.com;87;2024-07-15;María y Draco
Relm;Gabbiani;relm.gabbiani100@opera.com;25;2024-12-22;María y Draco
Sabin;Magus;sabin.magus101@opera.com;81;2024-08-08;María y Draco
Shadow;Branford;shadow.branford102@opera.com;30;2024-11-19;María y Draco
Gau;Behemoth;gau.behemoth103@opera.com;79;2024-08-20;María y Draco
Locke;Cole;locke.cole104@opera.com;50;2025-01-21;María y Draco
Locke;Gabbiani;locke.gabbiani105@opera.com;50;2024-03-21;María y Draco
Locke;Magus;locke.magus106@opera.com;44;2024-11-19;María y Draco
Gau;Cole;gau.cole107@opera.com;29;2024-09-07;María y Draco
Gau;Rene;gau.rene108@opera.com;21;2024-05-12;María y Draco
Relm;Chere;relm.chere109@opera.com;90;2024-12-23;María y Draco
Celes;Figaro;celes.figaro110@opera.com;20;2024-05-16;María y Draco
Shadow;Figaro;shadow.figaro111@opera.com;66;2024-08-07;María y Draco
Setzer;Chere;setzer.chere112@opera.com;58;2024-07-29;María y Draco
Celes;Figaro;celes.figaro113@opera.com;41;2025-01-23;María y Draco
Celes;Arrowny;celes.arrowny114@opera.com;34;2024-12-05;María y Draco
Relm;Behemoth;relm.behemoth115@opera.com;61;2024-09-21;María y Draco
Locke;Cole;locke.cole116@opera.com;44;2024-04-07;María y Draco
Terra;Chere;terra.chere117@opera.com;80;2024-06-01;María y Draco
Shadow;Arrowny;shadow.arrowny118@opera.com;62;2024-06-21;María y Draco
Sabin;Behemoth;sabin.behemoth119@opera.com;60;2024-11-11;María y Draco
Sabin;Rene;sabin.rene120@opera.com;40;2024-04-26;María y Draco
Edgar;Cole;edgar.cole121@opera.com;71;2024-06-03;María y Draco
Celes;Behemoth;celes.behemoth122@opera.com;95;2024-03-21;María y Draco
Celes;Rene;celes.rene123@opera.com;93;2024-07-26;María y Draco
Strago;Behemoth;strago.behemoth124@opera.com;47;2025-01-30;María y Draco
Locke;Cole;locke.cole125@opera.com;49;2024-10-12;María y Draco
Shadow;Gabbiani;shadow.gabbiani126@opera.com;88;2024-08-15;María y Draco
Edgar;Magus;edgar.magus127@opera.com;63;2024-03-29;María y Draco
Gau;Gabbiani;gau.gabbiani128@opera.com;33;2024-08-03;María y Draco
Edgar;Branford;edgar.branford129@opera.com;65;2024-05-14;María y Draco
Strago;Magus;strago.magus130@opera.com;87;2024-08-21;María y Draco
Celes;Cole;celes.cole131@opera.com;58;2024-08-20;María y Draco
Sabin;Zieg;sabin.zieg132@opera.com;78;2024-07-20;María y Draco
Setzer;Behemoth;setzer.behemoth133@opera.com;58;2024-09-19;María y Draco
Edgar;Cole;edgar.cole134@opera.com;87;2024-08-12;María y Draco
Setzer;Branford;setzer.branford135@opera.com;78;2024-08-28;María y Draco
Gau;Cole;gau.cole136@opera.com;36;2024-11-07;María y Draco
Shadow;Zieg;shadow.zieg137@opera.com;73;2024-05-03;María y Draco
Strago;Magus;strago.magus138@opera.com;58;2025-02-03;María y Draco
Shadow;Figaro;shadow.figaro139@opera.com;85;2024-08-02;María y Draco
Sabin;Zieg;sabin.zieg140@opera.com;54;2025-01-31;María y Draco
Locke;Behemoth;locke.behemoth141@opera.com;73;2024-07-29;María y Draco
Setzer;Branford;setzer.branford142@opera.com;46;2024-08-26;María y Draco
Shadow;Gabbiani;shadow.gabbiani143@opera.com;69;2024-09-18;María y Draco
Gau;Figaro;gau.figaro144@opera.com;50;2024-06-11;María y Draco
Locke;Gabbiani;locke.gabbiani145@opera.com;94;2025-01-21;María y Draco
Celes;Zieg;celes.zieg146@opera.com;59;2024-09-09;María y Draco
Shadow;Behemoth;shadow.behemoth147@opera.com;45;2024-06-12;María y Draco
Strago;Behemoth;strago.behemoth148@opera.com;61;2024-05-06;María y Draco
Strago;Rene;strago.rene149@opera.com;23;2024-04-22;María y Draco